Workbook

Sheet 画面項目_抽出
A1: ファイル名 | B1: 項目名称 | C1: 型 | D1: テキストタイプ | E1: 最小桁 | F1: 最大桁 | G1: 最大バイト数 | H1: 最小値 | I1: 最大値 | J1: 外部コード | K1: VLOOKUP | L1: 検索キー | M1: 一致ドメイン名 | N1: 判定結果 | O1: 備考
A2: screen_def.xlsx | B2: 顧客名1 | C2: VARCHAR | D2: テキスト | F2: 50.0 | G2: 100.0 | K2: =IFERROR(INDEX(画面項目_重複排除!J:J,MATCH(L2,画面項目_重複排除!Z:Z,0)),"") | L2: 顧客名_50.0 | M2: =IFERROR(INDEX(画面項目_重複排除!J:J,MATCH(L2,画面項目_重複排除!Z:Z,0)),"") | N2: =IFERROR(INDEX(画面項目_重複排除!K:K,MATCH(L2,画面項目_重複排除!Z:Z,0)),"") | O2: =IFERROR(INDEX(画面項目_重複排除!L:L,MATCH(L2,画面項目_重複排除!Z:Z,0)),"")
A3: screen_def.xlsx | B3: 顧客名2 | C3: VARCHAR | D3: テキスト | F3: 20.0 | G3: 40.0 | K3: =IFERROR(INDEX(画面項目_重複排除!J:J,MATCH(L3,画面項目_重複排除!Z:Z,0)),"") | L3: 顧客名_20.0 | M3: =IFERROR(INDEX(画面項目_重複排除!J:J,MATCH(L3,画面項目_重複排除!Z:Z,0)),"") | N3: =IFERROR(INDEX(画面項目_重複排除!K:K,MATCH(L3,画面項目_重複排除!Z:Z,0)),"") | O3: =IFERROR(INDEX(画面項目_重複排除!L:L,MATCH(L3,画面項目_重複排除!Z:Z,0)),"")
A4: screen_def.xlsx | B4: 口座コード | C4: VARCHAR | D4: テキスト | F4: 20.0 | G4: 20.0 | K4: =IFERROR(INDEX(画面項目_重複排除!J:J,MATCH(L4,画面項目_重複排除!Z:Z,0)),"") | L4: 口座コード_20.0 | M4: =IFERROR(INDEX(画面項目_重複排除!J:J,MATCH(L4,画面項目_重複排除!Z:Z,0)),"") | N4: =IFERROR(INDEX(画面項目_重複排除!K:K,MATCH(L4,画面項目_重複排除!Z:Z,0)),"") | O4: =IFERROR(INDEX(画面項目_重複排除!L:L,MATCH(L4,画面項目_重複排除!Z:Z,0)),"")
A5: screen_def.xlsx | B5: 融資金額 | C5: NUMBER | D5: 数値 | F5: 12.0 | K5: =IFERROR(INDEX(画面項目_重複排除!J:J,MATCH(L5,画面項目_重複排除!Z:Z,0)),"") | L5: 融資金額_12.0 | M5: =IFERROR(INDEX(画面項目_重複排除!J:J,MATCH(L5,画面項目_重複排除!Z:Z,0)),"") | N5: =IFERROR(INDEX(画面項目_重複排除!K:K,MATCH(L5,画面項目_重複排除!Z:Z,0)),"") | O5: =IFERROR(INDEX(画面項目_重複排除!L:L,MATCH(L5,画面項目_重複排除!Z:Z,0)),"")
A6: screen_def.xlsx | B6: 担保評価額 | C6: NUMBER | D6: 数値 | F6: 12.0 | K6: =IFERROR(INDEX(画面項目_重複排除!J:J,MATCH(L6,画面項目_重複排除!Z:Z,0)),"") | L6: 担保評価額_12.0 | M6: =IFERROR(INDEX(画面項目_重複排除!J:J,MATCH(L6,画面項目_重複排除!Z:Z,0)),"") | N6: =IFERROR(INDEX(画面項目_重複排除!K:K,MATCH(L6,画面項目_重複排除!Z:Z,0)),"") | O6: =IFERROR(INDEX(画面項目_重複排除!L:L,MATCH(L6,画面項目_重複排除!Z:Z,0)),"")
A7: screen_def.xlsx | B7: 金利 | C7: NUMBER | D7: 数値 | F7: 5.0 | K7: =IFERROR(INDEX(画面項目_重複排除!J:J,MATCH(L7,画面項目_重複排除!Z:Z,0)),"") | L7: 金利_5.0 | M7: =IFERROR(INDEX(画面項目_重複排除!J:J,MATCH(L7,画面項目_重複排除!Z:Z,0)),"") | N7: =IFERROR(INDEX(画面項目_重複排除!K:K,MATCH(L7,画面項目_重複排除!Z:Z,0)),"") | O7: =IFERROR(INDEX(画面項目_重複排除!L:L,MATCH(L7,画面項目_重複排除!Z:Z,0)),"")
A8: screen_def.xlsx | B8: 延滞フラグ | C8: BOOLEAN | D8: フラグ | K8: =IFERROR(INDEX(画面項目_重複排除!J:J,MATCH(L8,画面項目_重複排除!Z:Z,0)),"") | L8: 延滞フラグ | M8: =IFERROR(INDEX(画面項目_重複排除!J:J,MATCH(L8,画面項目_重複排除!Z:Z,0)),"") | N8: =IFERROR(INDEX(画面項目_重複排除!K:K,MATCH(L8,画面項目_重複排除!Z:Z,0)),"") | O8: =IFERROR(INDEX(画面項目_重複排除!L:L,MATCH(L8,画面項目_重複排除!Z:Z,0)),"")
A9: screen_def.xlsx | B9: 備考 | C9: VARCHAR | D9: テキスト | F9: 200.0 | G9: 400.0 | K9: =IFERROR(INDEX(画面項目_重複排除!J:J,MATCH(L9,画面項目_重複排除!Z:Z,0)),"") | L9: 備考_200.0 | M9: =IFERROR(INDEX(画面項目_重複排除!J:J,MATCH(L9,画面項目_重複排除!Z:Z,0)),"") | N9: =IFERROR(INDEX(画面項目_重複排除!K:K,MATCH(L9,画面項目_重複排除!Z:Z,0)),"") | O9: =IFERROR(INDEX(画面項目_重複排除!L:L,MATCH(L9,画面項目_重複排除!Z:Z,0)),"")
A10: screen_def.xlsx | B10: 決裁日 | C10: DATE | D10: 日付 | K10: =IFERROR(INDEX(画面項目_重複排除!J:J,MATCH(L10,画面項目_重複排除!Z:Z,0)),"") | L10: 決裁日 | M10: =IFERROR(INDEX(画面項目_重複排除!J:J,MATCH(L10,画面項目_重複排除!Z:Z,0)),"") | N10: =IFERROR(INDEX(画面項目_重複排除!K:K,MATCH(L10,画面項目_重複排除!Z:Z,0)),"") | O10: =IFERROR(INDEX(画面項目_重複排除!L:L,MATCH(L10,画面項目_重複排除!Z:Z,0)),"")
A11: screen_def.xlsx | B11: 外部コード | C11: VARCHAR | D11: テキスト | F11: 20.0 | G11: 20.0 | J11: EXT001 | K11: =IFERROR(INDEX(画面項目_重複排除!J:J,MATCH(L11,画面項目_重複排除!Z:Z,0)),"") | L11: 外部コード_20.0 | M11: =IFERROR(INDEX(画面項目_重複排除!J:J,MATCH(L11,画面項目_重複排除!Z:Z,0)),"") | N11: =IFERROR(INDEX(画面項目_重複排除!K:K,MATCH(L11,画面項目_重複排除!Z:Z,0)),"") | O11: =IFERROR(INDEX(画面項目_重複排除!L:L,MATCH(L11,画面項目_重複排除!Z:Z,0)),"")
A12: screen_def.xlsx | B12: 稟議承認者名 | C12: VARCHAR | D12: テキスト | F12: 40.0 | G12: 80.0 | K12: =IFERROR(INDEX(画面項目_重複排除!J:J,MATCH(L12,画面項目_重複排除!Z:Z,0)),"") | L12: 稟議承認者名_40.0 | M12: =IFERROR(INDEX(画面項目_重複排除!J:J,MATCH(L12,画面項目_重複排除!Z:Z,0)),"") | N12: =IFERROR(INDEX(画面項目_重複排除!K:K,MATCH(L12,画面項目_重複排除!Z:Z,0)),"") | O12: =IFERROR(INDEX(画面項目_重複排除!L:L,MATCH(L12,画面項目_重複排除!Z:Z,0)),"")
A13: screen_def.xlsx | B13: 融資審査ステータス | C13: VARCHAR | D13: テキスト | F13: 10.0 | G13: 20.0 | K13: =IFERROR(INDEX(画面項目_重複排除!J:J,MATCH(L13,画面項目_重複排除!Z:Z,0)),"") | L13: 融資審査ステータス_10.0 | M13: =IFERROR(INDEX(画面項目_重複排除!J:J,MATCH(L13,画面項目_重複排除!Z:Z,0)),"") | N13: =IFERROR(INDEX(画面項目_重複排除!K:K,MATCH(L13,画面項目_重複排除!Z:Z,0)),"") | O13: =IFERROR(INDEX(画面項目_重複排除!L:L,MATCH(L13,画面項目_重複排除!Z:Z,0)),"")

Sheet 画面項目_重複排除
A1: 項目名称 | B1: 型 | C1: テキストタイプ | D1: 最小桁 | E1: 最大桁 | F1: 最大バイト数 | G1: 最小値 | H1: 最大値 | I1: 外部コード | J1: 一致ドメイン名 | K1: 判定結果 | L1: 備考 | M1: 桁一致率 | N1: 汎化候補 | O1: D_データ型 | P1: D_最小文字数 | Q1: D_最大文字数 | R1: D_最小バイト長 | S1: D_最大バイト長 | T1: D_最小値 | U1: D_最大値 | V1: D_整数部桁数 | W1: D_小数部桁数 | X1: D_書式（正規表現） | Y1: D_参照外部コード | Z1: 検索キー
A2: 顧客名 | B2: VARCHAR | C2: テキスト | E2: 50.0 | F2: 100.0 | J2: 顧客名 | K2: 完全一致 | L2: 完全一致: 名前（数字除去後）+ 型桁一致（顧客名） / 同名で別桁定義あり（他: 20.0） | O2: VARCHAR | Q2: 50.0 | S2: 100.0 | Z2: 顧客名_50.0
A3: 口座コード | B3: VARCHAR | C3: テキスト | E3: 20.0 | F3: 20.0 | J3: 口座番号 | K3: 完全一致 | L3: 完全一致: 名前（数字除去後）+ 型桁一致（口座番号） | O3: VARCHAR | Q3: 20.0 | S3: 20.0 | Z3: 口座コード_20.0
A4: 融資金額 | B4: NUMBER | C4: 数値 | E4: 12.0 | J4: 融資金額 | K4: 完全一致 | L4: 完全一致: 名前（数字除去後）+ 型桁一致（融資金額） | O4: DECIMAL | V4: 12.0 | W4: 2.0 | Z4: 融資金額_12.0
A5: 担保評価額 | B5: NUMBER | C5: 数値 | E5: 12.0 | J5: 担保評価額 | K5: 完全一致 | L5: 完全一致: 名前（数字除去後）+ 型桁一致（担保評価額） | O5: DECIMAL | V5: 12.0 | W5: 2.0 | Z5: 担保評価額_12.0
A6: 金利 | B6: NUMBER | C6: 数値 | E6: 5.0 | J6: 金利率 | K6: 提案（候補から） | L6: 桁数/バイト数の定義あり → 新規ドメイン提案が必要 | O6: INTEGER | Q6: 5.0 | V6: 5.0 | W6: 2.0 | Z6: 金利_5.0
A7: 延滞フラグ | B7: BOOLEAN | C7: フラグ | K7: 選択必須 | L7: フラグ: 以下から選択: 0/1, 0/9, null/1, スペース/1 | Z7: 延滞フラグ
A8: 備考 | B8: VARCHAR | C8: テキスト | E8: 200.0 | F8: 400.0 | K8: 選択必須 | L8: コメント: 改行あり/なしを確認して選択してください | Z8: 備考_200.0
A9: 決裁日 | B9: DATE | C9: 日付 | J9: 決裁日 | K9: 提案（候補から） | L9: 桁数/バイト数なし → ドメイン設定不要の可能性 | O9: DATE | Z9: 決裁日
A10: 外部コード | B10: VARCHAR | C10: テキスト | E10: 20.0 | F10: 20.0 | I10: EXT001 | J10: 外部コード | K10: 完全一致 | L10: 完全一致: 名前（数字除去後）+ 型桁一致（外部コード） | O10: VARCHAR | Q10: 20.0 | S10: 20.0 | Y10: EXT001 | Z10: 外部コード_20.0
A11: 稟議承認者名 | B11: VARCHAR | C11: テキスト | E11: 40.0 | F11: 80.0 | J11: 稟議番号 | K11: 提案（候補から） | L11: 桁数/バイト数の定義あり → 新規ドメイン提案が必要 | O11: VARCHAR | Q11: 40.0 | S11: 80.0 | Z11: 稟議承認者名_40.0
A12: 融資審査ステータス | B12: VARCHAR | C12: テキスト | E12: 10.0 | F12: 20.0 | J12: 融資審査結果区分 | K12: 提案（候補から） | L12: 桁数/バイト数の定義あり → 新規ドメイン提案が必要 | O12: VARCHAR | Q12: 10.0 | S12: 20.0 | Z12: 融資審査ステータス_10.0

Sheet テーブル定義_抽出
A1: ファイル名 | B1: 論理項目名 | C1: データ型 | D1: Length | E1: 全体数値 | F1: 少数桁 | G1: VLOOKUP | H1: 検索キー | I1: 一致ドメイン名 | J1: 判定結果 | K1: 備考
A2: table_def.xlsx | B2: 顧客名 | C2: VARCHAR | D2: 50.0 | G2: =IFERROR(INDEX(テーブル定義_重複排除!F:F,MATCH(H2,テーブル定義_重複排除!V:V,0)),"") | H2: 顧客名_50.0 | I2: =IFERROR(INDEX(テーブル定義_重複排除!F:F,MATCH(H2,テーブル定義_重複排除!V:V,0)),"") | J2: =IFERROR(INDEX(テーブル定義_重複排除!G:G,MATCH(H2,テーブル定義_重複排除!V:V,0)),"") | K2: =IFERROR(INDEX(テーブル定義_重複排除!H:H,MATCH(H2,テーブル定義_重複排除!V:V,0)),"")
A3: table_def.xlsx | B3: 口座ID | C3: VARCHAR | D3: 20.0 | G3: =IFERROR(INDEX(テーブル定義_重複排除!F:F,MATCH(H3,テーブル定義_重複排除!V:V,0)),"") | H3: 口座ID_20.0 | I3: =IFERROR(INDEX(テーブル定義_重複排除!F:F,MATCH(H3,テーブル定義_重複排除!V:V,0)),"") | J3: =IFERROR(INDEX(テーブル定義_重複排除!G:G,MATCH(H3,テーブル定義_重複排除!V:V,0)),"") | K3: =IFERROR(INDEX(テーブル定義_重複排除!H:H,MATCH(H3,テーブル定義_重複排除!V:V,0)),"")
A4: table_def.xlsx | B4: 融資金額 | C4: DECIMAL | E4: 12.0 | F4: 2.0 | G4: =IFERROR(INDEX(テーブル定義_重複排除!F:F,MATCH(H4,テーブル定義_重複排除!V:V,0)),"") | H4: 融資金額_12.0.2.0 | I4: =IFERROR(INDEX(テーブル定義_重複排除!F:F,MATCH(H4,テーブル定義_重複排除!V:V,0)),"") | J4: =IFERROR(INDEX(テーブル定義_重複排除!G:G,MATCH(H4,テーブル定義_重複排除!V:V,0)),"") | K4: =IFERROR(INDEX(テーブル定義_重複排除!H:H,MATCH(H4,テーブル定義_重複排除!V:V,0)),"")
A5: table_def.xlsx | B5: 担保評価額 | C5: DECIMAL | E5: 12.0 | F5: 2.0 | G5: =IFERROR(INDEX(テーブル定義_重複排除!F:F,MATCH(H5,テーブル定義_重複排除!V:V,0)),"") | H5: 担保評価額_12.0.2.0 | I5: =IFERROR(INDEX(テーブル定義_重複排除!F:F,MATCH(H5,テーブル定義_重複排除!V:V,0)),"") | J5: =IFERROR(INDEX(テーブル定義_重複排除!G:G,MATCH(H5,テーブル定義_重複排除!V:V,0)),"") | K5: =IFERROR(INDEX(テーブル定義_重複排除!H:H,MATCH(H5,テーブル定義_重複排除!V:V,0)),"")
A6: table_def.xlsx | B6: 金利率 | C6: DECIMAL | E6: 5.0 | F6: 2.0 | G6: =IFERROR(INDEX(テーブル定義_重複排除!F:F,MATCH(H6,テーブル定義_重複排除!V:V,0)),"") | H6: 金利率_5.0.2.0 | I6: =IFERROR(INDEX(テーブル定義_重複排除!F:F,MATCH(H6,テーブル定義_重複排除!V:V,0)),"") | J6: =IFERROR(INDEX(テーブル定義_重複排除!G:G,MATCH(H6,テーブル定義_重複排除!V:V,0)),"") | K6: =IFERROR(INDEX(テーブル定義_重複排除!H:H,MATCH(H6,テーブル定義_重複排除!V:V,0)),"")
A7: table_def.xlsx | B7: 取引金額 | C7: DECIMAL | E7: 12.0 | F7: 2.0 | G7: =IFERROR(INDEX(テーブル定義_重複排除!F:F,MATCH(H7,テーブル定義_重複排除!V:V,0)),"") | H7: 取引金額_12.0.2.0 | I7: =IFERROR(INDEX(テーブル定義_重複排除!F:F,MATCH(H7,テーブル定義_重複排除!V:V,0)),"") | J7: =IFERROR(INDEX(テーブル定義_重複排除!G:G,MATCH(H7,テーブル定義_重複排除!V:V,0)),"") | K7: =IFERROR(INDEX(テーブル定義_重複排除!H:H,MATCH(H7,テーブル定義_重複排除!V:V,0)),"")
A8: table_def.xlsx | B8: 取引金額 | C8: DECIMAL | E8: 8.0 | F8: 0.0 | G8: =IFERROR(INDEX(テーブル定義_重複排除!F:F,MATCH(H8,テーブル定義_重複排除!V:V,0)),"") | H8: 取引金額_8.0.0.0 | I8: =IFERROR(INDEX(テーブル定義_重複排除!F:F,MATCH(H8,テーブル定義_重複排除!V:V,0)),"") | J8: =IFERROR(INDEX(テーブル定義_重複排除!G:G,MATCH(H8,テーブル定義_重複排除!V:V,0)),"") | K8: =IFERROR(INDEX(テーブル定義_重複排除!H:H,MATCH(H8,テーブル定義_重複排除!V:V,0)),"")
A9: table_def.xlsx | B9: 稟議番号 | C9: VARCHAR | D9: 30.0 | G9: =IFERROR(INDEX(テーブル定義_重複排除!F:F,MATCH(H9,テーブル定義_重複排除!V:V,0)),"") | H9: 稟議番号_30.0 | I9: =IFERROR(INDEX(テーブル定義_重複排除!F:F,MATCH(H9,テーブル定義_重複排除!V:V,0)),"") | J9: =IFERROR(INDEX(テーブル定義_重複排除!G:G,MATCH(H9,テーブル定義_重複排除!V:V,0)),"") | K9: =IFERROR(INDEX(テーブル定義_重複排除!H:H,MATCH(H9,テーブル定義_重複排除!V:V,0)),"")
A10: table_def.xlsx | B10: 申請番号 | C10: VARCHAR | D10: 30.0 | G10: =IFERROR(INDEX(テーブル定義_重複排除!F:F,MATCH(H10,テーブル定義_重複排除!V:V,0)),"") | H10: 申請番号_30.0 | I10: =IFERROR(INDEX(テーブル定義_重複排除!F:F,MATCH(H10,テーブル定義_重複排除!V:V,0)),"") | J10: =IFERROR(INDEX(テーブル定義_重複排除!G:G,MATCH(H10,テーブル定義_重複排除!V:V,0)),"") | K10: =IFERROR(INDEX(テーブル定義_重複排除!H:H,MATCH(H10,テーブル定義_重複排除!V:V,0)),"")
A11: table_def.xlsx | B11: 備考 | C11: VARCHAR | D11: 200.0 | G11: =IFERROR(INDEX(テーブル定義_重複排除!F:F,MATCH(H11,テーブル定義_重複排除!V:V,0)),"") | H11: 備考_200.0 | I11: =IFERROR(INDEX(テーブル定義_重複排除!F:F,MATCH(H11,テーブル定義_重複排除!V:V,0)),"") | J11: =IFERROR(INDEX(テーブル定義_重複排除!G:G,MATCH(H11,テーブル定義_重複排除!V:V,0)),"") | K11: =IFERROR(INDEX(テーブル定義_重複排除!H:H,MATCH(H11,テーブル定義_重複排除!V:V,0)),"")

Sheet テーブル定義_重複排除
A1: 論理項目名 | B1: データ型 | C1: Length | D1: 全体数値 | E1: 少数桁 | F1: 一致ドメイン名 | G1: 判定結果 | H1: 備考 | I1: 桁一致率 | J1: 汎化候補 | K1: D_データ型 | L1: D_最小文字数 | M1: D_最大文字数 | N1: D_最小バイト長 | O1: D_最大バイト長 | P1: D_最小値 | Q1: D_最大値 | R1: D_整数部桁数 | S1: D_小数部桁数 | T1: D_書式（正規表現） | U1: D_参照外部コード | V1: 検索キー
A2: 顧客名 | B2: VARCHAR | C2: 50.0 | F2: 顧客名 | G2: 完全一致 | H2: 完全一致: 名前（数字除去後）+ 型桁一致（顧客名） | K2: VARCHAR | M2: 50.0 | O2: 100.0 | V2: 顧客名_50.0
A3: 口座ID | B3: VARCHAR | C3: 20.0 | F3: 口座番号 | G3: 完全一致 | H3: 完全一致: 名前（数字除去後）+ 型桁一致（口座番号） | K3: VARCHAR | M3: 20.0 | O3: 20.0 | V3: 口座ID_20.0
A4: 融資金額 | B4: DECIMAL | D4: 12.0 | E4: 2.0 | F4: 融資金額 | G4: 完全一致 | H4: 完全一致: 名前（数字除去後）+ 型桁一致（融資金額） | K4: DECIMAL | R4: 12.0 | S4: 2.0 | V4: 融資金額_12.0.2.0
A5: 担保評価額 | B5: DECIMAL | D5: 12.0 | E5: 2.0 | F5: 担保評価額 | G5: 完全一致 | H5: 完全一致: 名前（数字除去後）+ 型桁一致（担保評価額） | K5: DECIMAL | R5: 12.0 | S5: 2.0 | V5: 担保評価額_12.0.2.0
A6: 金利率 | B6: DECIMAL | D6: 5.0 | E6: 2.0 | F6: 金利率 | G6: 完全一致 | H6: 完全一致: 名前（数字除去後）+ 型桁一致（金利率） | K6: DECIMAL | R6: 5.0 | S6: 2.0 | V6: 金利率_5.0.2.0
A7: 取引金額 | B7: DECIMAL | D7: 12.0 | E7: 2.0 | F7: 取引金額 | G7: 完全一致 | H7: 完全一致: 名前（数字除去後）+ 型桁一致（取引金額） / 同名で別桁定義あり（他: 8.0.0.0） | K7: DECIMAL | R7: 12.0 | S7: 2.0 | V7: 取引金額_12.0.2.0
A8: 稟議番号 | B8: VARCHAR | C8: 30.0 | F8: 稟議番号 | G8: 完全一致 | H8: 完全一致: 名前（数字除去後）+ 型桁一致（稟議番号） | K8: VARCHAR | M8: 30.0 | O8: 60.0 | V8: 稟議番号_30.0
A9: 申請番号 | B9: VARCHAR | C9: 30.0 | F9: 申請番号 | G9: 完全一致 | H9: 完全一致: 名前（数字除去後）+ 型桁一致（申請番号） | K9: VARCHAR | M9: 30.0 | O9: 60.0 | V9: 申請番号_30.0
A10: 備考 | B10: VARCHAR | C10: 200.0 | G10: 選択必須 | H10: コメント: 改行あり/なしを確認して選択してください | V10: 備考_200.0
